,text
0,vacaciones pareja semana
1,semana vacaciones genial
2,vacaciones pandemia disfrutado
3,pandemia disfrutado tres
4,fantastica ubicacion
5,ubicacion fantastica
6,mismo ubicacion parking
7,ubicacion parking lejos
8,recepcionistas camareros servicio
9,camareros servicio
10,aeropuerto habitacion
11,directamente aeropuerto habitacion
12,visitar malaga
13,historico malaga utilizamos
14,limpio vistoso habitaciones
15,habitaciones amplias limpias
16,ubicado confortable
17,bien ubicado confortable
18,facilita llegar aeropuerto
19,aeropuerto ir lugares
20,comoda limpia bano
21,limpia bano super
22,visitar malaga
23,recomendable visitar malaga
24,malaga alojamos dias
25,dias malaga alojamos
26,visitar malaga ciudad
27,visitar malaga
28,rio guadalmedina piscina
29,guadalmedina piscina nuevo
30,ubicacion cercana centro
31,cercana centro malaga
32,problema mosquitos bastante
33,mosquitos bastante cerca
34,especial edu demostrado
35,edu demostrado ser
36,habitacion bien limpia
37,malaga buena atencion
38,encanta app mejor
39,buena calidad restaurante
40,laborales recibido servicio
41,recibido servicio excelente
42,servicio mejor restaurante
43,responsable restaurante comida
44,repetiria experiencia servicio
45,disfrutar familia sido
46,repetire habitacion amplia
47,rato horarios restaurante
48,historico cultural ciudad
49,ser habitaciones pequenas
50,buen centro malaga
51,centro malaga paso
52,dormitorio grande planta
53,situado dormitorio grande
54,historico malaga metros
55,malaga metros alcazaba
56,octubre habitacion individual
57,14 octubre habitacion
58,wifi aire acondicionado
59,equipadas wifi aire
60,visito malaga gusta
61,siempre visito malaga
62,conocer malaga caminando
63,excelente conocer malaga
64,habitaciones tranquilas bano
65,sabanas limpisima situacion
66,preguntabas habitacion limpia
67,habitacion limpia
68,restaurantes correcta habitacion
69,necesita moverse ciudad
70,metros esencial ciudad
71,eficiente resolutiva habitaciones
72,ubicacion pleno centro
73,pocos metros catedral
74,misma calle catedral
75,catedral pocos pasos
76,historico malaga paso
77,centro historico malaga
78,ubicacion excelente alojados
79,cualquiera principales museos
80,40m comodo acceder
81,centrico limpio comodo
82,ubicacion bastante recomendable
83,antiguo ubicacion genial
84,museos coqueto recien
85,pocos metros museo
86,realizar trabajos restauracion
87,trabajos restauracion monte
88,aparcamiento complicado casa
89,problema recomienda comprar
90,tele bastante
91,tele bastante canales
92,inmejorable centro malaga
93,malaga principales monumentos
94,bus centro lineas
95,precio apartado centro
96,confortable habitacion limpia
97,llegaba bien habitacion
98,acogedor noches personas
99,maravillados trato excelente
100,centro ciudad accesible
101,limpio moderno relacion
102,ubicacion soho malaga
103,perfecta ubicacion soho
104,soho encuentra ubicado
105,encuentra ubicado merece
106,ruidos habitacion amplia
107,habitacion amplia comoda
108,estudios soho malagueno
109,soho malagueno estupendos
110,amplio comodo parking
111,comodo parking
112,malaga restaurantes centros
113,malaga centro experiencia
114,servicio limpieza satisfactorio
115,limpieza satisfactorio duerme
116,malaga familia repetido
117,dias malaga familia
118,apartamentos soho malagueno
119,geniales apartamentos soho
120,parking centro malaga
121,posibilidad parking centro
122,magnifica localizacion cumple
123,magnifica localizacion
124,instalaciones acojedoras ubicacion
125,trato agradable instalaciones
126,dormitoria personas limpieza
127,limpieza servicios atencion
128,cuidad habitaciones realmente
129,cuidad habitaciones
130,malaga dispone servicios
131,pleno centro malaga
132,feria malaga inigualable
133,planta dieron habitacion
134,recomendable encantadisimos personal
135,limpian apartamento
136,escapada malaga magnificos
137,malaga magnificos apartamentos
138,visita malaga
139,ubicacion garaje servicio
140,menos tv comedor
141,tv comedor tema
142,limpio agradable estancias
143,economico comodo limpio
144,impecable magnifico espacios
145,agradable impecable magnifico
146,comodidades limpieza trato
147,todas comodidades limpieza
148,llegar estancia ubicacion
149,vuelvo malaga alojare
150,gel bano
151,excelente estupendo check
152,tranquilo habitaciones limpias
153,genial vine dias
154,decoracion preciosa gran
155,decoracion preciosa
156,infusiones cafe habitaciones
157,agua infusiones cafe
158,buenas instalaciones ademas
159,unas buenas instalaciones
160,geles hidroalcoholicos habitacion
161,atento educado habitacion
162,interiores falta ventilacion
163,ventilacion agobian general
164,perfecto personal amable
165,amable atento limpio
166,delicada decoracion habitacion
167,ubicacion calidad atencion
168,personal encantador situacion
169,superficie trabajo habitacion
170,matrimonio aunque agencia
171,genial pedimos habitacion
172,cafe disposicion terraza
173,amable cafe disposicion
174,varias opciones cafe
175,recepcion dispone cafetera
176,buenas instalaciones habitaciones
177,instalaciones habitaciones dia
178,buenas medidas covid19
179,medidas covid19 distanciamiento
180,banos habitacion limpia
181,ubicacion servicio restauracion
182,estacion tren malaga
183,malaga palacio presenta
184,malaga alguna ocasion
185,mejor malaga alguna
186,terraza alto malaga
187,alto malaga palacio
188,habitacion forma gratuita
189,subieron habitacion forma
190,vistas malaga junto
191,malaga junto atencion
192,zona malaga recorrerla
193,malaga recorrerla andando
194,ciudad malaga acceso
195,habitacion amplia wifi
196,parking propio llegas
197,aparcarlo parking cercano
198,servicio cafeteria circuito
199,confortables habitaciones magnifico
200,servicio habitaciones maravilla
201,habitaciones maravilla
202,habitaciones hace tranquilo
203,restaurante sitio altamente
204,profesionales recepcion restaurante
205,chancla ubicacion habitacion
206,rinconcito malaga encanto
207,encontrado rinconcito malaga
208,musica directo habitacion
209,playa despertarse sonido
210,zona malaga conocido
211,malaga conocido aloje
212,jacuzzi terraza ambiente
213,mar jacuzzi terraza
214,minutos centro malaga
215,escapamos malaga
216,restaurante ubicacion 11
217,solo restaurante ubicacion
218,musica vivo piano
219,vivo piano violin
220,alli vistas habitaciones
221,vistas habitaciones
222,despues rato jacuzzi
223,jacuzzi terraza vistas
224,espectacular cuenta restaurante
225,vistas habitacion impresionantes
226,jacuzzi zona honestidad
227,vistas espectaculares jacuzzi
228,magico conozco bar
229,conozco bar clasico
230,buena ubicacion comida
231,correcta comimos amigas
232,rincon chanclas veranos
233,completo crepe tortilla
234,atardecer buena compania
235,atardecer lugar lindo
236,instalacion felicitaciones
237,asi instalacion felicitaciones
238,simpaticos habitaciones limpias
239,habitaciones limpias
240,decorado limpisimo bien
241,bien decorado limpisimo
242,maravilloso lugar servicio
243,ubicado tranquila villa
244,regulares centro malaga
245,habitaciones bien equipadas
246,ciudad malaga alrededor
247,villa habitaciones todas
248,ciudad malaga simplemente
249,llevar bicicletas centro
250,visitemos malaga nuevo
251,relajarse visitemos malaga
252,bicicleta habitaciones bien
253,playa bicicleta habitaciones
254,villa romantica excelente
255,ubicacion pequena villa
256,alojamos villa lorena
257,encuentra zona residencial
258,regresar habitacion limpia
259,habitacion limpia comoda
260,casa lugar malaga
261,nuevo lugar malaga
262,oasis excelente relajado
263,relajado personal malaga
264,visitar malaga buscando
265,malaga consejos sugerencias
266,vecindario servicio increible
267,encantador personal podria
268,hoteles habitacion audrey
269,hotelito boutique pareja
270,malaga espero habitacion
271,facil acceso malaga
272,encuentra barrio residencial
273,barrio residencial ocupado
274,huespedes divertidos utiles
275,huespedes divertidos
276,habitacion pequena balcon
277,bicicletas gratis
278,ubicacion excelente borde
279,ubicacion excelente
280,hostal bien ubicado
281,minimalista hostal bien
282,sensillez centro ciudad
283,limpieza sensillez centro
284,museos limpio bien
285,centro museos limpio
286,especial cachorro dieron
287,cachorro dieron bolsa
288,buena situacion aparcamientos
289,satisfecho personal bien
290,agradable habitacion limpia
291,habitacion limpia sin
292,minimalista situacion centrica
293,centrico minimalista situacion
294,habitacion centro ciudad
295,situado centro malaga
296,budget malaga centro
297,budget malaga
298,limpio recepcion amable
299,preparada limpio recepcion
300,buena situacion habitaciones
301,habitaciones grandes coqueto
302,habitacion dos cabinas
303,moqueta pasillo habitaciones
304,malaga septiembre quedado
305,curso malaga septiembre
306,confortable llegar recibimiento
307,llegar sitio escaleras
308,genial visitar ciudad
309,estrenar instalaciones nuevas
310,recomendable disfrutar ciudad
311,unico armario habitacion
312,parking cercano economico
313,ubicacion ideal permite
314,parking cerca economico
315,patio cocina necesario
316,repetire paso malaga
317,paso malaga
318,apartamento genial pareja
319,acogedor limpio moderno
320,malaga recien reformados
321,apartamentos centro malaga
322,cortesia anfitrion espacioso
323,espacioso perfecto limpio
324,concurrida interior vivienda
325,pasear ciudad facilmente
326,apartamento limpio emplazamiento
327,ajuar limpio apartamento
328,moderno renovado acogedor
329,tarde sitio moderno
330,historico ciudad apartamento
331,ciudad apartamento moderno
332,comunicado dispone parking
333,plaza constitucion habitaciones
334,recomendable limpio centrico
335,sofa cama ambos
336,servicio pinar apartments
337,pinar apartments bueno
338,servicio atento apartamentos
339,decorados acogedores sitio
340,hostel dias malaga
341,enamorado hostel bien
342,especial agradecimiento javi
343,ayudar necesitabamos especial
344,fantastico hostels lindos
345,hostels lindos visitado
346,decoracion maravillosa localizacion
347,limpios decoracion maravillosa
348,habitaciones banos limpios
349,ambiente acogedor habitaciones
350,hostel malaga privilegiada
351,hostel malaga
352,opcion calidad precio
353,mejor opcion calidad
354,cerca gente hostel
355,hostel amable siempre
356,inmejorable hostel pleno
357,malaga decoracion encanto
358,recomendable sitio decoracion
359,decoracion graciosa pintoresca
360,hostal agradable excelente
361,encantadora bienvenida ellie
362,habitacion anuncia hostelworld
363,habitacion privada azotea
364,gran estancia albergue
365,apasionados involucrados albergue
366,hostal albergue nuevo
367,hermoso hostal albergue
368,barato habitacion limpia
369,habitacion limpia buen
370,reformado habitaciones comodas
371,recientemente reformado habitaciones
372,aconsejaron disfrutar ciudad
373,relax malaga capital
374,pocos metros estacion
375,agradables habitacion grande
376,ubicacion pocos metros
377,metros estacion trenes
378,limpieza excelente recomendamos
379,relacion calidad precio
380,parking coches edificio
381,bastante ruido motor
382,pasas entrar habitaciones
383,habitacion diera patio
384,decir casa gracias
385,semana decir casa
386,reforma medias ubicacion
387,perfecta reforma medias
388,habitacion perfecta terraza
389,estancia agradable habitacion
390,fin habitaciones pasillos
391,habitaciones pasillos dado
392,relacion medidas
393,bien relacion medidas
394,excelente habitaciones amplias
395,excelente habitaciones
396,ubicacion fenomenal moverte
397,moverte hacia centro
398,atancion calidad ubicacion
399,habitacion comoda ubicacion
400,recepcion profesional informa
401,profesional informa ayuda
402,habitaciones estupendas recomendable
403,habitaciones estupendas
404,hoteles categoria dado
405,hoteles categoria
406,restaurante terraza
407,restaurante terraza lujo
408,centro malaga habitaciones
409,malaga habitaciones pequenas
410,recomendable buscas lugar
411,limpio servicios basicos
412,calidad precio habitacion
413,cercania aeropuerto queda
414,buffet dias jueves
415,buffet ponian vaso
416,cuenta parking seguro
417,sotano cuenta parking
418,comodo habitacion limpia
419,habitacion limpia
420,aeropuerto calido comfortable
421,aeropuerto calido
422,pesar ubicacion habitaciones
423,habitaciones tranquilas
424,habitaciones limpias comodas
425,caro habitaciones limpias
426,habitacion confortable grande
427,habitacion confortable
428,aeropuerto camas pequenas
429,razonable cerca aeropuerto
430,garantias limpieza geles
431,habitacion amplia limpia
432,comodidad habitaciones
433,comodidad habitaciones habitaciones
434,comunicado habitaciones amplias
435,personal habitaciones limpias
436,electricos zona negocios
437,impresora habitaciones espaciosas
438,trabajo visitando malaga
439,visitando malaga familia
440,encontre cucaracha bano
441,nivel entiendo problema
442,restaurante habitaciones limpio
443,lejos transportes publicos
444,cualquier problema habitaciones
445,problema habitaciones
446,comunicado habitacion limpia
447,habitacion limpia gran
448,servicio excelente agusto
449,piscina zona jardin
450,metro bus cerca
451,ubicado metro bus
452,limpeza habitaciones excelente
453,desayuno limpeza habitaciones
454,exeoeriencia experiencia satisfactoria
455,experiencia satisfactoria recomendaria
456,amabilidad buen servicio
457,sonrisas acogedores amabilidad
458,instalaciones agradables personal
459,malaga descatar amabilidad
460,atencion instalaciones habitaciones
461,instalaciones habitaciones amplias
462,servicio habitaciones
463,servicio habitaciones bastante
464,existe metro autobus
465,autobus cercano taxi
466,habitaciones grandes limpias
467,calidad precio habitaciones
468,habitaciones vistas puerto
469,educado habitaciones bien
470,ubicacion limpieza empleados
471,comodo ubicacion limpieza
472,limpio buena atencion
473,buena ubicacion habitacion
474,aeropuerto habitacion
475,habitacion necesario aire
476,anticuado habitaciones amplias
477,zambrano estacion autobuses
478,pasos centro malaga
479,pasos centrro malaga
480,rosa asignarme habitacion
481,pues cerca habitaciones
482,envidia hoteles categoria
483,centro puerto servicio
484,calidad precio habitacion
485,historico malaga todas
486,disfrutar gran gastronomia
487,ademas gastrobar poder
488,habitaciones sencillas acogedoras
489,habitaciones sencillas
490,verano 2016 tranquilidad
491,tranquilidad absoluta travesia
492,playa museo ruso
493,centro playa museo
494,ciudad malaga expectacular
495,funcional centrico gustado
496,andando centro malaga
497,limpia ordenada situacion
498,recomendado pequeno acogedor
499,habitaciones super limpias
500,plaza parking volveremos
501,parking volveremos alojar
502,acondicionado lampara ventilador
503,lampara ventilador
504,descansar estancia malaga
505,malaga correcto sin
506,visitar centro malaga
507,visitar malaga
508,repito segunda vez
509,convenio parking marmoles
510,simpatico limpio
511,simpatico limpio desayuno
512,servicio alquiler bicicletas
513,personal servicios situado
514,moverse centro malaga
515,centro malaga pequeno
516,malaga habitaciones bien
517,centro malaga habitaciones
518,invierno concierto parking
519,concierto parking cercano
520,habitacoines confortables mucha
521,recepcion atento habitacoines
522,espectacular moderno servicios
523,ubicacion espectacular moderno
524,centrico confortable paso
525,conocer ciudad habitaciones
526,opciones sin gluten
527,gluten desayuno ventanas
528,eleccion situado centro
529,situado centro ciudad
530,resultar interesante igual
531,llegue primera impresion
532,situado visitar malaga
533,visitar malaga
534,fantastica coleccion arte
535,cuidados fantastica coleccion
536,gastrocultural fantastico museo
537,fantastico museo living
538,inmersion arte contemporaneo
539,inmersion arte
540,hoteles pequenos personalidad
541,sorprendido calidad habitacion
542,habitaciones detalles electrodomesticos
543,arte decoran habitaciones
544,museo living experience
545,estrellas rodeado arte
546,inigualables estilo localizacion
547,apartamentos inigualables estilo
548,malaga museo living
549,vuelto malaga museo
550,visita ciudad malaga
551,ciudad malaga
552,museo sobresaliente recomendable
553,muebles museo sobresaliente
554,golf malaga magnificos
555,malaga magnificos apartamentos
556,museos tener posibilidad
557,malaga ciudad museos
558,mujer dos adolescentes
559,decoracion sabanas cada
560,electrodomesticos geles bano
561,biblioteca solarium quedamos
562,opcion malaga experiencia
563,recomendar opcion malaga
564,centrica encantado decoracion
565,encantado decoracion elegido
566,alojada habitacion patricio
567,habitacion patricio cabrera
568,apartamentos museo living
569,inolvidables apartamentos museo
570,maravilloso espacio centro
571,maravillosos inmersion mundo
572,congelador lavaplatos integrados
573,frigorifico congelador lavaplatos
574,acostumbrados ir hoteles
575,hoteles grandes cadenas
576,comodos planta terraza
577,planta terraza tardes
578,habitacion limpia desayuno
579,amable habitacion limpia
580,buenas habitaciones familia
581,habitaciones familia
582,comodos habitacion planta
583,habitacion planta terraza
584,reding habitaciones cuartos
585,paseo reding habitaciones
586,limpio habitaciones bano
587,comodo limpio habitaciones
588,60 decoracion mobiliario
589,vintage sorprendio estilo
590,dormitorios independientes cama
591,dormitorios independientes
592,museos habitaciones bien
593,habitaciones bien decoradas
594,hoteles superiores ubicacion
595,paseo centro malaga
596,decoracion terraza solarium
597,terraza solarium buena
598,habitacion agradable comoda
599,expectativas habitacion agradable
600,bien encanta malaga
601,encanta malaga ahora
602,vista ocupamos habitacion
603,atencion excelente ubicacion
604,restaurante verdad buena
605,restaurante verdad
606,encanto buen servicio
607,atencion cliente ubicacion
608,hoteles bien recomiendo
609,perfecto gustado acogedor
610,negocios toda alameda
611,obras metro afecta
612,ubicacion fantastica escasos
613,ubicacion fantastica
614,moverte centro bano
615,poder moverte centro
616,television espanol satelite
617,aqui semana navidad
618,dormitorio bano separados
619,aeropuerto estacion central
620,perfectamente ubicado centro
621,ubicado centro ciudad
622,ciudad habitacion personal
623,alguna vez malaga
624,bonitos apartamentos realmente
625,apartamentos realmente bonitos
626,alojarse central malaga
627,central malaga chicos
628,apartamento impecable limpia
629,excursion encanto lugar
630,wifi tan buena
631,inconveniente conexion wifi
632,nuevo amplio dormitorio
633,dormitorio cerca estacion
634,problema salon sofa
635,sofa salon incomodo
636,ciudad decoracion limpia
637,adolescentes alojado areas
638,tandem soho volveremos
639,tandem soho encantador
640,ubicacion recomiendo encarecidamente
641,antiguo promenada malaga
642,bien situados cama
643,barrio apartamentos nuevos
644,gente desk amabilidad
645,desk amabilidad constante
646,localizacion atencion
647,localizacion atencion apartamentos
648,comfortables bien ubicados
649,buenos apartamentos ubicacion
650,estupendos apartamentos bien
651,apartamento estupendos apartamentos
652,alojarte malaga restaurante
653,malaga restaurante
654,reserve dos habitaciones
655,40 euros habitacion
656,encontrar malaga piscina
657,pude encontrar malaga
658,estancias vida mejores
659,mejores estancias vida
660,autobuses malaga escala
661,hoteles caros malaga
662,hotelito acogedor bien
663,acogedor hotelito acogedor
664,perfecto visitar malaga
665,visitar malaga alojandose
666,situado periferia ciudad
667,periferia ciudad llegar
668,disfrutar familia acogedor
669,descansar disfrutar familia
670,fantasticamente bien encantado
671,fantastico estancia sido
672,vistas preciosas malaga
673,preciosas malaga situado
674,maravilla perfecto visitar
675,encanto maravilla perfecto
676,malaga pareja visitar
677,habitaciones recomiendo 100x100
678,simpatico atento habitaciones
679,vistas unicas malaga
680,pleno centro malaga
681,semana villa guadalupe
682,pronunciada aspecto llamativo
683,subida pronunciada aspecto
684,relax encantado habitacion
685,vistas malaga esplendidas
686,habitacion amplia unas
687,pareja malaga bajamos
688,comida buena piscina
689,buena piscina
690,unas vistas malaga
691,vistas malaga impresionantes
692,inolvidables fabuloso malaga
693,habitacion terraza balcon
694,restaurante espectacular comida
695,bien restaurante espectacular
696,unas vistas malaga
697,vistas malaga
698,majisimos habitacion enorme
699,habitacion enorme bonita
700,pasar ciudad malaga
701,centro paso necesario
702,entrar habitacion mucha
703,alicante alojamos hostel
704,semana buscas playeo
705,buscas playeo
706,luminoso habitaciones amplias
707,habitaciones amplias
708,limpieza magnifica hostal
709,fenomenal experiencia limpieza
710,malaga hostel rodaje
711,hostel rodaje malaga
712,predispuestos varios hostels
713,hostels sido definitivamente
714,hostel malaga gracias
715,hostel malaga
716,hostal malaga
717,ir hostal malaga
718,habitacion desconectas caja
719,decoracion excelente vistas
720,limpieza comodidad habitaciones
721,libre encontrado hostel
722,comfortable hostel cuidado
723,alojamiento comfortable hostel
724,agradables hostel visitado
725,hostel visitado pocos
726,instalaciones estupendas limpias
727,buenisima relacion calidad
728,agradable hostal nuevo
729,hostal nuevo personal
730,hostel noche habitacion
731,buen hostel noche
732,hostal centrico caminar
733,centro malaga habitaciones
734,opcion malaga nuevo
735,excelente opcion malaga
736,limpios hostal proporciono
737,banos limpios hostal
738,ordenado viaje malaga
739,limpio ordenado viaje
740,hostal lejos centro
741,caminando centro ciudad
742,hostal limpio bien
743,cerradura wifi gratuito
744,parece seguro restaurantes
745,dispensador bebidas cafetera
746,habitacion personal genial
747,quedarse camas geniales
748,recomendar centro cerca
749,alta limpio recepcionista
750,encanta albergues espana
751,albergues espana
752,du centre malaga
753,centre malaga ce
754,temperatura habitacion aunque
755,temperatura habitacion
756,hostel malaga amazing
757,hostel centre malaga
758,du centre malaga
759,centre malaga ce
760,temperatura habitacion aunque
761,temperatura habitacion
762,hostel malaga amazing
763,hostel centre malaga
764,du centre malaga
765,centre malaga ce
766,temperatura habitacion aunque
767,temperatura habitacion
768,hostel malaga amazing
769,hostel centre malaga
770,du centre malaga
771,centre malaga ce
772,temperatura habitacion aunque
773,temperatura habitacion
774,hostel malaga amazing
775,hostel centre malaga
776,quereis visitar malaga
777,visitar malaga
778,quereis visitar malaga
779,visitar malaga
780,quereis visitar malaga
781,visitar malaga
782,quereis visitar malaga
783,visitar malaga
784,ensalada chef delicioso
785,restaurante relax
786,hostel terraza perfecto
787,mar hostel terraza
788,excelente estadia habitacion
789,habitacion comoda espaciosa
790,conozco servicio desayunos
791,casualmente desayunar aparcado
792,recomendable ubicacion justo
793,recomendable ubicacion
794,recomendamos calzone lasagna
795,agradable recomendamos calzone
796,disfrutar solecito playa
797,solecito playa comimos
798,habitacion 10 camas
799,comida terraza sorprendio
800,tiempo encanta ambiente
801,encanta ambiente entorno
802,camarero terraza excepcional
803,terraza excepcional viajado
804,opcion visitar malaga
805,visitar malaga
806,encontre casualidad internet
807,casualidad internet necesitaba
808,moderna decoracion
809,moderna decoracion situado
810,alojamiento cercania aeropuerto
811,aeropuerto buscabamos muchas
812,agradable tranquilo limpio
813,acogedor tranquilo lejos
814,moderna decoracion
815,moderna decoracion situado
816,alojamiento cercania aeropuerto
817,aeropuerto buscabamos muchas
818,agradable tranquilo limpio
819,acogedor tranquilo lejos
820,moderna decoracion
821,moderna decoracion situado
822,alojamiento cercania aeropuerto
823,aeropuerto buscabamos muchas
824,agradable tranquilo limpio
825,acogedor tranquilo lejos
826,luminosa buena ventilacion
827,habitacion amplia limpia
828,servicio visitas malaga
829,visitas malaga
830,habitaciones bastante limpias
831,tranquilo afueras malaga
832,marido bajamos malaga
833,bajamos malaga siempre
834,distancia malaga aconsejable
835,malaga aconsejable vas
836,distancia malaga aconsejable
837,malaga aconsejable vas
838,aeropuerto malaga manana
839,vuelo aeropuerto malaga
840,barato habitacion limpia
841,habitacion limpia confortable
842,television bano limpio
843,bastante limpia camas
844,dormitorio pequeno relacion
845,peligros bano dormitorio
846,hoteles nuevos habitacion
847,hoteles nuevos
848,great location
849,staff really friendly
850,suite amazing breakfast
851,classy new boutique
852,amable habitacion apesar
853,habitacion apesar tener
854,terraza encuentra planta
855,vistas espectaculares calle
856,malaga reconvertido habitaciones
857,vistas ofrece malaga
858,terraza agradable servicio
859,terraza agradable
860,centrico decoracion agradable
861,super centrico decoracion
862,silenziosa camera oltretutto
863,camera oltretutto molto
864,cafe personnel du
865,pour cafe personnel
866,terraza agradable servicio
867,terraza agradable
868,centrico decoracion agradable
869,super centrico decoracion
870,silenziosa camera oltretutto
871,camera oltretutto molto
872,cafe personnel du
873,pour cafe personnel
874,malaga habitacion toco
875,sofa comodas almohadas
876,humidite dans lappartement
877,au centre malaga
878,perfecto estancia homeart
879,estancia homeart apartaments
880,apartments malaga excelente
881,homeart apartments malaga
882,malaga habitacion toco
883,sofa comodas almohadas
884,humidite dans lappartement
885,au centre malaga
886,perfecto estancia homeart
887,estancia homeart apartaments
888,apartments malaga excelente
889,homeart apartments malaga
890,malaga habitacion toco
891,sofa comodas almohadas
892,humidite dans lappartement
893,au centre malaga
894,perfecto estancia homeart
895,estancia homeart apartaments
896,apartments malaga excelente
897,homeart apartments malaga
898,malaga habitacion toco
899,sofa comodas almohadas
900,humidite dans lappartement
901,au centre malaga
902,perfecto estancia homeart
903,estancia homeart apartaments
904,apartments malaga excelente
905,homeart apartments malaga
906,town centre malaga
907,centre malaga
908,loft duplex apartamentos
909,decoracion apartamentos
910,veces visite malaga
911,visite malaga
912,limpio luminoso recibimiento
913,luminoso recibimiento
914,het appartement schoon
915,het appartement vrij
916,malaga appartement bien
917,du centre malaga
918,malaga centro apartment
919,centro apartment beautifully
920,apartment near malaga
921,malaga marbella best
922,het appartement schoon
923,het appartement vrij
924,malaga appartement bien
925,du centre malaga
926,malaga centro apartment
927,centro apartment beautifully
928,apartment near malaga
929,malaga marbella best
930,bonita decoracion amueblado
931,decoracion amueblado basico
932,centrico limpio practico
933,limpio practico nuevo
934,dejar parking concertado
935,parking concertado
936,centricos apartamentos
937,apartamentos centricos
938,perfecta estancia parking
939,estancia parking privado
940,bonita decoracion amueblado
941,decoracion amueblado basico
942,centrico limpio practico
943,limpio practico nuevo
944,dejar parking concertado
945,parking concertado
946,centricos apartamentos
947,apartamentos centricos
948,perfecta estancia parking
949,estancia parking privado
950,ubicacion parking menos
951,excelente ubicacion parking
952,instalaciones nuevo ubicacion
953,eficiente instalaciones nuevo
954,pa malaga lagenheten
955,malaga lagenheten hade
956,pleno centro malaga
957,centro malaga gusto
958,ubicacion parking menos
959,excelente ubicacion parking
960,instalaciones nuevo ubicacion
961,eficiente instalaciones nuevo
962,pa malaga lagenheten
963,malaga lagenheten hade
964,pleno centro malaga
965,centro malaga gusto
966,ubicacion parking menos
967,excelente ubicacion parking
968,instalaciones nuevo ubicacion
969,eficiente instalaciones nuevo
970,pa malaga lagenheten
971,malaga lagenheten hade
972,pleno centro malaga
973,centro malaga gusto
974,ubicacion parking menos
975,excelente ubicacion parking
976,instalaciones nuevo ubicacion
977,eficiente instalaciones nuevo
978,pa malaga lagenheten
979,malaga lagenheten hade
980,pleno centro malaga
981,centro malaga gusto
982,yuzup hamakta sallanabilirsiniz
983,dinlendiriyor minik havuzda
984,habitaciones casa encanto
985,habitaciones casa
986,esperes llegues hostel
987,llegues hostel perfectamente
988,problemas movilidad instalaciones
989,encantador gran ubicacion
990,terraza limonero ubicacion
991,habitaciones sencillas confortables
992,yuzup hamakta sallanabilirsiniz
993,dinlendiriyor minik havuzda
994,habitaciones casa encanto
995,habitaciones casa
996,esperes llegues hostel
997,llegues hostel perfectamente
998,problemas movilidad instalaciones
999,encantador gran ubicacion
1000,terraza limonero ubicacion
1001,habitaciones sencillas confortables
1002,yuzup hamakta sallanabilirsiniz
1003,dinlendiriyor minik havuzda
1004,habitaciones casa encanto
1005,habitaciones casa
1006,esperes llegues hostel
1007,llegues hostel perfectamente
1008,problemas movilidad instalaciones
1009,encantador gran ubicacion
1010,terraza limonero ubicacion
1011,habitaciones sencillas confortables
1012,decente malaga limpieza
1013,malaga limpieza excelente
1014,lado habitacion dormir
1015,wifi sorprendentemente rapido
1016,ubicacion habitaciones bastante
1017,visitamos malaga diciembre
1018,llegadas centro malaga
1019,seleccion tres buses
1020,centro ciudad habitacion
1021,habitacion calle molino
1022,llegadas centro malaga
1023,seleccion tres buses
1024,centro ciudad habitacion
1025,habitacion calle molino
1026,aeropuerto rodeada bares
1027,opcion ideal dormir
1028,limpia pension usamos
1029,limpia pension
1030,pension limpia comoda
1031,pension sorprendio limpieza
1032,aeropuerto rodeada bares
1033,opcion ideal dormir
1034,limpia pension usamos
1035,limpia pension
1036,pension limpia comoda
1037,pension sorprendio limpieza
1038,aeropuerto rodeada bares
1039,opcion ideal dormir
1040,limpia pension usamos
1041,limpia pension
1042,pension limpia comoda
1043,pension sorprendio limpieza
1044,ideal aeroport super
1045,ideal aeroport
1046,apartment conveniently close
1047,night stay apartment
1048,ideal aeroport super
1049,ideal aeroport
1050,apartment conveniently close
1051,night stay apartment
1052,ideal aeroport super
1053,ideal aeroport
1054,apartment conveniently close
1055,night stay apartment
1056,ideal aeroport super
1057,ideal aeroport
1058,apartment conveniently close
1059,night stay apartment
1060,agradablemente sorprendido habitacion
1061,sorprendido habitacion pequenita
1062,habitaciones camas mesita
1063,bien habitaciones camas
1064,hostal bien habitaciones
1065,estaciones tren autobus
1066,televisor senal wifi
1067,ubicacion atencion empleados
1068,posibilidad garage calidad
1069,centro posibilidad garage
1070,wifi desayuno ubicado
1071,malaga 300m estacion
1072,situado aunque habitaciones
1073,hotelito bien situado
1074,limpia wifi funcionaba
1075,wifi funcionaba
1076,autobuses centro malaga
1077,zambrano estacion autobuses
1078,plena feria malaga
1079,fantastico alojamos hostal
1080,malaga alojados hostal
1081,casa asi habitacion
1082,buenisimas instalaciones limpio
1083,nogal buenisimas instalaciones
1084,hostal quedo remedio
1085,hostal quedo
1086,rural entraba habitaciones
1087,playa estilo rural
1088,tamano habitacion excesivamente
1089,habitacion excesivamente pequeno
1090,habitaciones hostal bonitas
1091,ubicacion habitaciones hostal
1092,casa sitio fantastico
1093,casa sitio
1094,eccellente posizione perfetta
1095,disponibile colazione ottima
1096,tranquilo habitacion funcional
1097,habitaciones hace tranquilo
1098,encuentra junto centro
1099,limpia decoradas gusto
1100,eccellente posizione perfetta
1101,disponibile colazione ottima
1102,tranquilo habitacion funcional
1103,habitaciones hace tranquilo
1104,encuentra junto centro
1105,limpia decoradas gusto
1106,eccellente posizione perfetta
1107,disponibile colazione ottima
1108,tranquilo habitacion funcional
1109,habitaciones hace tranquilo
1110,encuentra junto centro
1111,limpia decoradas gusto
1112,pocos metros playa
1113,metros playa malagueta
1114,homes excelentes agentes
1115,queriamos caleta homes
1116,pocos metros playa
1117,metros playa malagueta
1118,homes excelentes agentes
1119,queriamos caleta homes
1120,pocos metros playa
1121,metros playa malagueta
1122,homes excelentes agentes
1123,queriamos caleta homes
1124,pocos metros playa
1125,metros playa malagueta
1126,homes excelentes agentes
1127,queriamos caleta homes
1128,larios decoracion rollo
1129,decoracion rollo nordico
1130,opte parking granados
1131,dia cuesta parking
1132,malalaga corazon ciudad
1133,malaga apreciamos estancia
1134,cualquiera visite malaga
1135,visite malaga
1136,lugar pareja alojamos
1137,necesitabamos par persianas
1138,agradable centro malaga
1139,malaga estancia agradable
1140,ubicacion rota lavadora
1141,gran ubicacion rota
1142,habitaciones urbanas malaga
1143,malaga alquile apartamento
1144,ciudad perfecta apartamentos
1145,perfectos bonita ciudad
1146,perfezione appartamento condominio
1147,condominio proprietaria janitta
1148,rondassa kaunis andalusialainen
1149,kaunis andalusialainen koti
1150,perfezione appartamento condominio
1151,condominio proprietaria janitta
1152,rondassa kaunis andalusialainen
1153,kaunis andalusialainen koti
1154,perfezione appartamento condominio
1155,condominio proprietaria janitta
1156,rondassa kaunis andalusialainen
1157,kaunis andalusialainen koti
1158,perfezione appartamento condominio
1159,condominio proprietaria janitta
1160,rondassa kaunis andalusialainen
1161,kaunis andalusialainen koti
1162,buena aparcamiento calle
1163,azul barrio obrero
1164,queriamos visitar malaga
1165,visitar malaga
1166,mercado amplificadores senal
1167,existen mercado amplificadores
1168,buena aparcamiento calle
1169,azul barrio obrero
1170,queriamos visitar malaga
1171,visitar malaga
1172,mercado amplificadores senal
1173,existen mercado amplificadores
1174,buena aparcamiento calle
1175,azul barrio obrero
1176,queriamos visitar malaga
1177,visitar malaga
1178,mercado amplificadores senal
1179,existen mercado amplificadores
1180,town walkable room
1181,room location
1182,town walkable room
1183,room location
1184,town walkable room
1185,room location
1186,town walkable room
1187,room location
1188,extrem sauberes hotelzimmer
1189,hotelzimmer gut ausgestattet
1190,limpiar arenas playa
1191,centro calle tranquila
1192,barato ubicacion apartamento
1193,ubicacion apartamento
1194,limpiar arenas playa
1195,centro calle tranquila
1196,barato ubicacion apartamento
1197,ubicacion apartamento
1198,limpiar arenas playa
1199,centro calle tranquila
1200,barato ubicacion apartamento
1201,ubicacion apartamento
1202,middle malaga apartment
1203,malaga apartment central
1204,middle malaga apartment
1205,malaga apartment central
1206,middle malaga apartment
1207,malaga apartment central
1208,middle malaga apartment
1209,malaga apartment central
1210,motel psicosis buen
1211,hostal carretera precios
1212,precio inmejorable hoteles
1213,inmejorable hoteles caros
1214,comoda parking privado
1215,parking privado gratis
1216,casera excelente limpieza
1217,limpieza estupenda empleados
1218,malaga lejos aeropuerto
1219,conduce habitaciones encima
1220,sitio centrico economico
1221,centrico economico
1222,ubicacion pocos minutos
1223,inconvenientes ruido bar
1224,encanto decoracion vigas
1225,encanto decoracion
1226,ubicacion seleccionado apartamento
1227,entonces unidad aire
1228,cafeteria pasteleria cerca
1229,pasteleria cerca apartamento
1230,centrico correcto apartamentos
1231,ciudad elegimos apartamento
1232,inconveniente bano ventilacion
1233,ventilacion exterior decepciono
1234,buenisima hidromasaje chico
1235,comodas ducha buenisima
1236,tv plasma bano
1237,tv plasma
1238,gastronomica textil ciudad
1239,coercial gastronomica textil
1240,habitacion lista pudiesemos
1241,dejarnos habitacion lista
1242,malaga bien apartamentos
1243,malaga bien
1244,booking dia siguiente
1245,reserve booking dia
1246,suficiente finde malaga
1247,finde malaga buena
1248,incluyendo netflix ademas
1249,netflix ademas buena
1250,incluyendo netflix ademas
1251,netflix ademas buena
1252,incluyendo netflix ademas
1253,netflix ademas buena
1254,incluyendo netflix ademas
1255,netflix ademas buena
1256,picasso casa natal
1257,museo picasso casa
1258,apartamento centro malaga
1259,malaga cerca restaurantes
1260,fantastico apartamento enorme
1261,apartamento enorme
1262,picasso casa natal
1263,museo picasso casa
1264,apartamento centro malaga
1265,malaga cerca restaurantes
1266,fantastico apartamento enorme
1267,apartamento enorme
1268,picasso casa natal
1269,museo picasso casa
1270,apartamento centro malaga
1271,malaga cerca restaurantes
1272,fantastico apartamento enorme
1273,apartamento enorme
1274,bell appartamento nei
1275,bell appartamento
1276,bell appartamento nei
1277,bell appartamento
1278,bell appartamento nei
1279,bell appartamento
1280,bell appartamento nei
1281,bell appartamento
1282,sentirte casa recomendamos
1283,recomendamos villa ubicacion
1284,alojamiento varias habitaciones
1285,varias habitaciones
1286,sentirte casa recomendamos
1287,recomendamos villa ubicacion
1288,alojamiento varias habitaciones
1289,varias habitaciones
1290,sentirte casa recomendamos
1291,recomendamos villa ubicacion
1292,alojamiento varias habitaciones
1293,varias habitaciones
1294,sentirte casa recomendamos
1295,recomendamos villa ubicacion
1296,alojamiento varias habitaciones
1297,varias habitaciones
1298,che il terrazzo
1299,il terrazzo stendere
1300,excelentes restaurantes cercanos
1301,excelentes restaurantes
1302,che il terrazzo
1303,il terrazzo stendere
1304,excelentes restaurantes cercanos
1305,excelentes restaurantes
1306,che il terrazzo
1307,il terrazzo stendere
1308,excelentes restaurantes cercanos
1309,excelentes restaurantes
1310,che il terrazzo
1311,il terrazzo stendere
1312,excelentes restaurantes cercanos
1313,excelentes restaurantes
1314,espectacular comunicabamos whatsapp
1315,comunicabamos whatsapp
1316,espectacular comunicabamos whatsapp
1317,comunicabamos whatsapp
1318,espectacular comunicabamos whatsapp
1319,comunicabamos whatsapp
1320,espectacular comunicabamos whatsapp
1321,comunicabamos whatsapp
1322,di malaga pulizia
1323,prenotazione siamo stati
1324,excellent cathedral bustling
1325,location excellent cathedral
1326,calsanlar cok iyiydi
1327,cozum bulmaya calst
1328,pulito posizione centrale
1329,posizione centrale pulito
1330,excelente boutique hostal
1331,ubicacion limpia comoda
1332,tranquillo situato posizione
1333,semplice tranquillo situato
1334,pulito posizione centrale
1335,posizione centrale pulito
1336,excelente boutique hostal
1337,ubicacion limpia comoda
1338,tranquillo situato posizione
1339,semplice tranquillo situato
1340,hostal frente hospital
1341,fantastico esperemos hostal
1342,hostal frente hospital
1343,fantastico esperemos hostal
1344,hostal frente hospital
1345,fantastico esperemos hostal
1346,hostal frente hospital
1347,fantastico esperemos hostal
1348,volver disfrutar instalaciones
1349,disfrutar instalaciones
1350,cliente restaurante servicio
1351,excepcional cliente restaurante
1352,dormitorios independientes
1353,dos dormitorios independientes
1354,aniversario boda malaga
1355,lado centro malaga
1356,visitar malaga
1357,visitar malaga poner
1358,centro malaga accesos
1359,lado centro malaga
1360,parking limitado cuanto
1361,profesional parking limitado
1362,habitacion amplia limpia
1363,limpio personal acogedor
1364,recordar nombres piscina
1365,nombres piscina pequenita
1366,reformado calidad instalaciones
1367,alojamiento familia motivo
1368,esx maravilloso duerme
1369,buena estancia volveremos
1370,piscina atico habitaciones
1371,precioso centro malaga
1372,caro parking necesario
1373,vacaciones estancia agradable
1374,patio atencion prestada
1375,agradecen detalles habitacion
1376,ciudad menos habitacion
1377,amenities suficientes tranquilo
1378,10 sido agradable
1379,sido agradable estancia
1380,paseo agradable media
1381,maravillosa ubicacion empleados
1382,amenities habitacion completas
1383,encantador amenities habitacion
1384,entrada habitacion roto
1385,habitacion roto hacia
1386,estupenda viaja malaga
1387,viaja malaga tren
1388,ubicado visitar ciudad
1389,agradable bien ubicado
1390,calidad precio recomendable
1391,familiar malaga alojamos
1392,agradable ubicacion excelente
1393,habitaciones diseno cuidadas
1394,inmejorablemente habitacion 7a
1395,habitacion 7a planta
1396,habitacion podia divisar
1397,encantado habitacion podia
1398,superado hoteles hermanos
1399,superado hoteles
1400,limpieza instalaciones situdado
1401,personal limpieza instalaciones
1402,habitacion moderna limpia
1403,limpia desayuno genial
1404,alojado hoteles barcelo
1405,estancia fastastico ultimos
1406,pendiente necesidades cliente
1407,ubicacion acceso personal
1408,ubicacion privilegiada parking
1409,parking puerta centrico
1410,cliente excelente servicios
1411,restaurante servicio
1412,dias bien gastro
1413,bien gastro bar
1414,experiencia barcelo malaga
1415,malaga mireia guest
1416,atentos limpieza protocolos
1417,limpieza protocolos covid
1418,operaciones visitar malaga
1419,visitar malaga recorrer
1420,excelente estancia room
1421,estancia room mate
1422,preciosa habitacion vistas
1423,vistas gustado habitacion
1424,pues buenoesta cafeteria
1425,refrigerio disfrutando brisa
1426,limpias espaciosas cuidan
1427,habitaciones originales limpias
1428,pequena terraza compensa
1429,vistas espectaculares puerto
1430,camareros servicio limpieza
1431,fenomenal limpio todas
1432,terraza malaga tomando
1433,mejor terraza malaga
1434,terraza excelentes vistas
1435,noche perfecta terraza
1436,malaga ser hospitalizado
1437,ser hospitalizado tres
1438,maravillosa experiencia pasamos
1439,maravillosa experiencia
1440,localizacion terraza habitacion
1441,espectacular localizacion terraza
1442,aniversario buen trato
1443,habitacion estupenda gracias
1444,aniversario encantado visita
1445,atencion clientes habitacion
1446,terraza autentico crack
1447,autentico crack buenos
1448,ubicacion limpio habitaciones
1449,malaga excepcional servicio
1450,ubicacion inmejorable terraza
1451,inmejorable terraza piscina
1452,desayuno malaga seguro
1453,atencion personal habitacion
1454,puerto ambiente encantador
1455,parte malaga puerto
1456,cualquier estancia habitacion
1457,resolviendo cualquier situacion
1458,amigo recepcionista ramon
1459,ramon gran profesional
1460,decorado ubicacion fantastica
1461,bien decorado ubicacion
1462,ion malabar cafeteria
1463,cafeteria gran amabilidad
1464,centrico nuevo personal
1465,encanto centrico nuevo
1466,medidas seguridad impecables
1467,instalaciones hermosas comida
1468,recomendable familia encontrado
1469,familia encontrado agusto
1470,cliente excelentes instalaciones
1471,buena atencion cliente
1472,habitaciones decoradas gusto
1473,malaga habitaciones decoradas
1474,nuevo pleno soho
1475,crack consejos trato
1476,apropiado quedarse malaga
1477,quedarse malaga centrico
1478,rehabilitada centro ciudad
1479,ciudad habitaciones pequenas
1480,limpieza instalaciones decoracion
1481,habitacion disponia bidel
1482,malaga espectacular nuevo
1483,bien decorado habitacion
1484,agradable recepcion cafeteria
1485,recepcion cafeteria
1486,habitacion bastante grande
1487,bonito decorado gusto
1488,malaga fantastico habitacion
1489,centro malaga fantastico
1490,problemas muchas gracias
1491,eficazmente gracias amabilidad
1492,excelente vistas magnificas
1493,vistas magnificas sucre
1494,servicios excelente situacion
1495,estrellas servicios necesarios
1496,hoteles especialmente espana
1497,viajado conocemos hoteles
1498,malaga disfrutar estancia
1499,habitacion vistas mar
1500,repetiremos volvemos malaga
1501,impresionante semana pasada
1502,amabilisimos habitacion
1503,parking camareros socorristas
1504,estupendos restaurante bueno
1505,restaurante bueno habitaciones
1506,pasado semana fantastica
1507,fantastica miramar pasado
1508,habitaciones amplias luminosas
1509,amplias luminosas limpieza
1510,caminando centro playa
1511,playa delante habitaciones
1512,encantador instalaciones fenomenal
1513,instalaciones fenomenal cinco
1514,restaurante ejemplo servicio
1515,ejemplo servicio profesionalidad
1516,extraordinario profesionalidad trabajadores
1517,profesionalidad trabajadores trato
1518,ciudad destacar servicio
1519,depende servicio taxis
1520,ubicacion habitaciones laterales
1521,habitaciones laterales menos
1522,viaje malaga bien
1523,malaga bien amables
1524,carretera n340
1525,carretera n340 ruido
1526,genial experiencia inolvidable
1527,personal tratado familia
1528,encuentra centro malaga
1529,trabajo asignandonos habitacion
1530,enhorabuena equipo room
1531,ubicacion centro malaga
1532,casa viajar malaga
1533,casa levantabamos desayunabamos
1534,empresa malaga experiencia
1535,reunion empresa malaga
1536,excelente cuartos loft
1537,excelente ubicacion servicio
1538,educados buscando manera
1539,agradables educados buscando
1540,gran categoria instalaciones
1541,malaga gran categoria
1542,proporcionaron habitacion superior
1543,proporcionaron habitacion
1544,centro malaga room
1545,malaga room mate
1546,exoeriencia estupenda llegamos
1547,habitacion dieron vistas
1548,disfrutar malaga alojarte
1549,disfrutar malaga
1550,cliente casa habitacion
1551,casa habitacion excelente
1552,maravillosa ubicacion personal
1553,maravilloso maravillosa ubicacion
1554,situado centro malaga
1555,centro malaga significa
1556,servicios solicite habitacion
1557,solicite habitacion comoda
1558,conocer malaga situacion
1559,malaga situacion
1560,habitacion balcon calle
1561,habitaciones poca luz
1562,perfectamente protocolo covid
1563,protocolo covid 19
1564,covid 19 habitacion
1565,medidas seguridad covid
1566,piscina ninguna objecion
1567,piscina caso buscabamos
1568,vistas catedral puerto
1569,catedral puerto buen
1570,buen servicio malaga
1571,servicio malaga da
1572,servicio agradable habitaciones
1573,casa servicio agradable
1574,buena centrico tranquilo
1575,centrico tranquilo azotea
1576,magnifico cocktail servicio
1577,cocktail servicio musica
1578,cuidadas piscina rooftop
1579,piscina rooftop
1580,instalaciones limpias terraza
1581,limpias terraza piscina
1582,habitacion confortable
1583,inmejorable habitacion confortable
1584,habitaciones amplias decoradas
1585,centrico cuenta habitaciones
1586,celebracion inmejorable ayer
1587,celebracion inmejorable
1588,bastante recomendable servicios
1589,recomendable servicios adecuados
1590,instalaciones limpias volvemos
1591,limpias volvemos ciudad
1592,malaga rooftop precioso
1593,precioso corazon malaga
1594,recomendaciones buenisimo terraza
1595,cocktails camarera
1596,catedral puerto malaga
1597,puerto malaga copas
1598,precio habitacion luxe
1599,habitacion luxe espaciosa
1600,visitamos mujer malaga
1601,malaga trabajo aprovechamos
1602,atencion cliente habitacion
1603,terraza espectaculares cuidado
1604,frente dichoso virus
1605,dichoso virus absolutamente
1606,disfrutar malaga
1607,aconsejable disfrutar malaga
1608,bien atendido parking
1609,atendido parking publico
1610,bien situado malaga
1611,situado malaga
1612,fin semana malaga
1613,agradable malaga despues
1614,situado centro malaga
1615,habitacion comoda limpia
1616,taxi habitacion
1617,taxi habitacion amplia
1618,detallistas profesionales amabilidad
1619,profesionales amabilidad
1620,abandonar proyectado personal
1621,tener abandonar proyectado
1622,correcto limpio habitacion
1623,centro correcto limpio
1624,visita estupenda semana
1625,mejor trato habitacion
1626,palace malaga semana
1627,parking vendeja limpieza
1628,excelente habitaciones perfectamente
1629,trato excelente habitaciones
1630,habitacion vista catedral
1631,malaga buena ubicacion
1632,referencia visitar malaga
1633,visitar malaga
1634,ubicacion estrategica habitaciones
1635,estrategica habitaciones
1636,genial estancia mascota
1637,alojamiento permitia mascotas
1638,centro habitacion limpia
1639,medidas covid 19
1640,disfrutar parte gastronomica
1641,parte gastronomica hablado
1642,recomendado amigo aunque
1643,ciudad amigos malaga
1644,descubrimiento visitar malaga
1645,visitar malaga encantado
1646,ubicado limpieza exquisita
1647,limpieza exquisita camas
1648,visita malaga
1649,hoteles siempre incomodas
1650,pleno centro malaga
1651,centro malaga andando
1652,coronavirus estupendo personal
1653,coronavirus estupendo
1654,aeropuerto proximo centro
1655,lleva aeropuerto proximo
1656,habitacion grande espaciosa
1657,excelente habitacion grande
1658,necesites habitacion bonita
1659,habitacion bonita camas
1660,parada metro habitacion
1661,metro habitacion correcta
1662,centro normal comodo
1663,restaurante funcione dia
1664,duda hoteles cadena
1665,sin duda hoteles
1666,malaga habitacion amplia
1667,centro malaga habitacion
1668,hospitalidad centro malaga
1669,hospitalidad centro
1670,malaga bien cuidado
1671,excelente estadia malaga
1672,vacaciones familia malaga
1673,familia malaga gozado
1674,duda fabuloso irene
1675,fabuloso irene
1676,ninos mascotas encantada
1677,facilidades ninos mascotas
1678,ubicacion limpieza habitaciones
1679,visita malaga calidad
1680,excelentes restaurantes decorado
1681,recomendo excelentes restaurantes
1682,tranquilidad pleno corazon
1683,mucha tranquilidad pleno
1684,habitaciones alojamos 201
1685,acogedor pequeno boutique
1686,espectacular llegabamos tarde
1687,carta whatsapp preparada
1688,encanto situacion habitacion
1689,situacion habitacion asignada
1690,historico malaga alcazaba
1691,historico malaga
1692,comodo centro malaga
1693,centro malaga bien
1694,bicicletas buena calidades
1695,gratuita bicicletas
1696,calidad precio viajamos
1697,visitar malaga contestando
1698,planta dos balcones
1699,balcones bien decorada
1700,centro historico malaga
1701,historico malaga necesitas
1702,intentan estancia malaga
1703,amabilidad total adaptan
1704,continental rico recomiendo
1705,hermoso centro comodo
1706,cuidado habitaciones decoradas
1707,habitaciones decoradas gusto
1708,encanto decoracion habitacion
1709,parking cerca recomiendo
1710,historico malaga cerca
1711,historico malaga
1712,moderno dentro edificio
1713,dentro edificio siglo
1714,xviii contrasta decoracion
1715,contrasta decoracion minimalista
1716,encanto malaga pasar
1717,encanto malaga
1718,estipendo habitacion amplia
1719,estipendo habitacion
1720,sido buenisimos habitaciones
1721,buenisimos habitaciones
1722,malaga trabajo pudimos
1723,personal ubicacion inmejorables
1724,facilitador poner pega
1725,gracias manuel alojadas
1726,ilunion malaga aloje
1727,sublime ilunion malaga
1728,habitaciones amplias camas
1729,habitaciones amplias
1730,protocolos covid19 recepcion
1731,covid19 recepcion atentos
1732,deseando alojarme hoteles
1733,expectativas esperaba servicio
1734,comodas limpieza fabulosa
1735,camas comodas limpieza
1736,servicio excelente personal
1737,destacar servicio excelente
1738,buena interaccion clientes
1739,interaccion clientes buenos
1740,espana 2021 amplio
1741,ciclista espana 2021
1742,buffet rico abundante
1743,personal maravilloso especial
1744,mejores hoteles cadena
1745,posiblemente mejores hoteles
1746,ubicacion centro malaga
1747,centro malaga playa
1748,sombrero restaurante serviciales
1749,restaurante serviciales especial
1750,malaga dias habitaciones
1751,repetir ubicacion
1752,altamente recomendable atencion
1753,recomendable atencion exquisita
1754,ubicacion soho malaga
1755,perfecta ubicacion soho
1756,soho encuentra ubicado
1757,encuentra ubicado merece
1758,ruidos habitacion amplia
1759,habitacion amplia comoda
1760,estudios soho malagueno
1761,soho malagueno estupendos
1762,amplio comodo parking
1763,comodo parking
1764,malaga restaurantes centros
1765,malaga centro experiencia
1766,servicio limpieza satisfactorio
1767,limpieza satisfactorio duerme
1768,malaga familia repetido
1769,dias malaga familia
1770,apartamentos soho malagueno
1771,geniales apartamentos soho
1772,parking centro malaga
1773,posibilidad parking centro
1774,magnifica localizacion cumple
1775,magnifica localizacion
1776,instalaciones acojedoras ubicacion
1777,trato agradable instalaciones
1778,dormitoria personas limpieza
1779,limpieza servicios atencion
1780,cuidad habitaciones realmente
1781,cuidad habitaciones
1782,malaga dispone servicios
1783,pleno centro malaga
1784,feria malaga inigualable
1785,planta dieron habitacion
1786,recomendable encantadisimos personal
1787,limpian apartamento
1788,escapada malaga magnificos
1789,malaga magnificos apartamentos
1790,visita malaga
1791,ubicacion garaje servicio
1792,menos tv comedor
1793,tv comedor tema
1794,excelente relacion calidad
1795,apartamentos buena limpieza
1796,trato ubicacion instalaciones
1797,ubicacion instalaciones
1798,eleccion visitar malaga
1799,visitar malaga apartamentos
1800,decoracion limpio necesario
1801,excelente decoracion limpio
1802,quedarte malaga trabajo
1803,apartamento quedarte malaga
1804,exquisito ubicacion equipamiento
1805,alojamiento atenta amable
1806,genial covid sabiamos
1807,bastante super limpio
1808,poder visitar ciudad
1809,visitar ciudad
1810,optimo apartamentos excepcionales
1811,optimo apartamentos
1812,lujo recepcionista agradable
1813,recepcionista agradable apartamento
1814,apartamentos maravillosos amplitud
1815,maravillosos amplitud necesario
1816,apartamentos perfecta ubicacion
1817,excelente ir apartamentos
1818,vacaciones buenisima ubicacion
1819,electrica fallo deten
1820,apartamento buen limpieza
1821,estibaliz recepcion apartamento
1822,habitacion grande limpia
1823,consejos visitar ciudad
1824,magnifica ubicacion pleno
1825,magnifica ubicacion
1826,2045h llegas tarde
1827,amigas duplex genial
1828,alojamos duplex encanto
1829,alojamos duplex
1830,cocina servicial electrodomesticos
1831,servicial electrodomesticos necesarios
1832,habitation funcional bien
1833,bien arreglado agradable
1834,booking bien habitaciones
1835,cerca centro restaurantes
1836,habitacion vistas teatro
1837,dispuestos ayudar habitacion
1838,vacaciones malaga trato
1839,vacaciones malaga
1840,artistico cultural ciudad
1841,cultural ciudad pocos
1842,balcon hacia teatro
1843,hacia teatro
1844,belleza vistas teatro
1845,vistas teatro romano
1846,bano amenities habitaciones
1847,amenities habitaciones ruidosas
1848,ubicacion centro malaga
1849,malaga frente teatro
1850,maxima ambiente decorado
1851,ambiente decorado
1852,centro malaga exquisitez
1853,pleno centro malaga
1854,limpieza extraordinaria amabilidad
1855,encantados apartamento francamente
1856,enclavado calle alcazabilla
1857,alcazabilla paso cualquier
1858,boutique frente teatro
1859,centro ciudad malaga
1860,buen centro malaga
1861,centro malaga lado
1862,momento habitacion ruido
1863,habitacion ruido alguno
1864,habitacion reservado entrada
1865,habitacion reservado
1866,escoger centro malaga
1867,malaga justo frente
1868,puedo volver malaga
1869,habitacion perfecta amplia
1870,limonar imagen palacete
1871,terraza segunda planta
1872,opcion maravillosa malaga
1873,habitaciones confortables resaltar
1874,patios exteriores unas
1875,castillo perfecto traslada
1876,servicio profesional atento
1877,increibles servicio profesional
1878,excelente habitaciones llaman
1879,habitaciones buen servicio
1880,dias alojamiento marchar
1881,alojamiento marchar castigo
1882,instalaciones senoriales
1883,unas instalaciones senoriales
1884,vistas maravillaban precio
1885,habitacion grandisima terraza
1886,cuidad catering regenta
1887,cuidad catering
1888,malaga desayuno habitacion
1889,boutique castillo mozarabe
1890,grande poquitas habitaciones
1891,ciertas habitaciones muchisimo
1892,exterior bonito habitaciones
1893,impresionante poquitas habitaciones
1894,ciudad habitacion queda
1895,toda ciudad habitacion
1896,banos necesiten renovacion
1897,necesiten renovacion incomodo
1898,grandes habitaciones cuidadas
1899,enclave unico castillo
1900,encanto tranquilidad
1901,emplazamiento encanto tranquilidad
1902,terrazas enormes vistas
1903,enormes vistas increibles
1904,hostel verdad primera
1905,instalaciones impecables
1906,ciudad regresan hostal
1907,historico ciudad habitacion
1908,aeropuerto cerca mar
1909,conexion tren aeropuerto
1910,estacion tren micros
1911,ambiente copado recomiendo
1912,terrazas livings espacios
1913,actividades free tours
1914,reservar cama habitacion
1915,larios ser hostel
1916,hostal limpio cuidado
1917,hostal limpio
1918,excelente hostal costo
1919,malaga compartir habitacion
1920,hostel mucha pocas
1921,buen hostel mucha
1922,hostal buena ubicacion
1923,ubicacion limpieza atencion
1924,bien companeros habitacion
1925,companeros habitacion ruidosos
1926,habitacion privada hostel
1927,upgrade habitacion privada
1928,malaga ciudad ubicacion
1929,ciudad ubicacion estrategica
1930,excelente hostal esfuerzan
1931,parecio excelente hostal
1932,hostel espana
1933,experiencia noche hostel
1934,lights hostel parecido
1935,estancia lights hostel
1936,fiesta dias bien
1937,paella sangria gratis
1938,galletitas tipicas malaga
1939,botella agua apartamento
1940,centrico limpio bien
1941,ubicado centrico limpio
1942,malaga centro excelente
1943,noche malaga centro
1944,habitaciones cuanto limpieza
1945,bano comedor habitaciones
1946,pleno centro malaga
1947,centro malaga olvido
1948,situados lado teatro
1949,teatro cervantes minutos
1950,alejada desplazamos taxi
1951,desplazamos taxi bus
1952,pleno centro malaga
1953,centro malaga ofrecen
1954,palo selfie movil
1955,selfie movil llamadas
1956,malaga lugar hermoso
1957,hermoso lugar malaga
1958,hablar movil patio
1959,movil patio interior
1960,limpio centrico suites
1961,comodo limpio centrico
1962,malaga alojado apartamentos
1963,parking acceso directo
1964,parking facil rapido
1965,llegar parking facil
1966,magnifico alojamiento establecimiento
1967,magnifico alojamiento
1968,buena ubicacion instalaciones
1969,ubicacion instalaciones
1970,dormitorio accesorios cocina
1971,bano dormitorio accesorios
1972,parking mismo edificio
1973,excelente buen departamento
1974,decorado limpisimo bien
1975,bien decorado limpisimo
1976,maravilloso lugar servicio
1977,ubicado tranquila villa
1978,regulares centro malaga
1979,habitaciones bien equipadas
1980,ciudad malaga alrededor
1981,villa habitaciones todas
1982,ciudad malaga simplemente
1983,llevar bicicletas centro
1984,visitemos malaga nuevo
1985,relajarse visitemos malaga
1986,bicicleta habitaciones bien
1987,playa bicicleta habitaciones
1988,villa romantica excelente
1989,ubicacion pequena villa
1990,alojamos villa lorena
1991,encuentra zona residencial
1992,regresar habitacion limpia
1993,habitacion limpia comoda
1994,casa lugar malaga
1995,nuevo lugar malaga
1996,oasis excelente relajado
1997,relajado personal malaga
1998,visitar malaga buscando
1999,malaga consejos sugerencias
